{
    "rouge": {
        "zero_shot": {
            "rouge1": 0.03795966785290629,
            "rouge2": 0.009512485136741975,
            "rougeL": 0.033214709371293
        },
        "few_shot": {
            "rouge1": 0.05780346820809248,
            "rouge2": 0.004634994206257242,
            "rougeL": 0.0416184971098266
        },
        "chain_of_thought": {
            "rouge1": 0.19005524861878453,
            "rouge2": 0.17940199335548168,
            "rougeL": 0.18563535911602208
        },
        "role_play": {
            "rouge1": 0.058139534883720936,
            "rouge2": 0.006993006993006992,
            "rougeL": 0.041860465116279076
        }
    },
    "bertscore": {
        "zero_shot": {
            "precision": 0.8464936017990112,
            "recall": 0.7703508138656616,
            "f1": 0.8066293001174927
        },
        "few_shot": {
            "precision": 0.8295705318450928,
            "recall": 0.7630119919776917,
            "f1": 0.7949004173278809
        },
        "chain_of_thought": {
            "precision": 0.8432608246803284,
            "recall": 0.7990952730178833,
            "f1": 0.820584237575531
        },
        "role_play": {
            "precision": 0.8361839056015015,
            "recall": 0.7723360657691956,
            "f1": 0.8029928207397461
        }
    },
    "embedding_similarity": {
        "zero_shot": 0.6538077592849731,
        "few_shot": 0.03884356841444969,
        "chain_of_thought": 0.6474002599716187,
        "role_play": 0.2957569360733032
    }
}